momentum_period,rebalance_days,top_pct,num_stocks,num_periods_tested,avg_return,std_return,min_return,max_return,avg_7wk_return,avg_sharpe,std_sharpe,min_sharpe,max_sharpe,avg_drawdown,max_drawdown,consistency_score
15,2,0.3,15,21,55.02884792958509,30.94674776633557,22.02447845187492,123.96576734336504,9.475610034942624,3.3350805752069395,0.8278839472242253,1.845943660198003,4.699862135029052,2.9349085719011803,8.235369033813477,2.5071966279827143
15,4,0.3,15,21,52.12555514982067,27.150151112727112,21.942551516677256,119.16581015094177,9.099443009512765,3.28445344928566,0.8215616124275765,2.04285983325207,4.641272437219311,3.0184613901279924,8.370892326354982,2.462891836858083
13,4,0.3,15,21,53.52879667323766,31.138809898566173,22.136859377734176,116.38560541009456,9.230578924633207,3.2268021223135626,0.7647337195986821,1.9582513160899442,4.721328540998997,2.9200235602829343,7.899029663085938,2.4620684027148805
14,4,0.3,15,21,54.07136336887422,31.952486835057716,20.82087321253736,124.4231305229257,9.298331792013986,3.2671587111597584,0.8226196517961685,1.8564612374452996,4.804311514290906,2.940560521547651,7.988898124694824,2.44453905936359
14,4,0.2,10,21,57.27277323036835,31.27591277971126,20.771571244427854,114.83277509616747,9.813985388982863,3.0707060705722675,0.7076423541362662,1.7505865165951024,4.285074157826103,3.2654479741441507,8.62371778869629,2.3630637164360015
15,2,0.2,10,21,59.41097254213249,32.106219120239835,19.261756028288502,136.36820245329534,10.112129034133185,3.1695459223569755,0.8447157206395202,1.8164369009325363,4.578932937660077,3.101155703302356,8.272113220214845,2.3248302017174556
15,4,0.2,10,21,56.05448687081238,28.41328429322317,21.4469023266918,121.44754496871658,9.678093371436711,3.119288065991575,0.8094352823757611,1.7281474139855044,4.273817311317577,3.3118194489557786,8.710608108520509,2.309852783615814
15,3,0.2,10,21,56.30532139231392,31.136873394321665,28.611249074959268,121.82536051077113,9.660968410491941,3.056644403575624,0.7728706301525374,1.429842518895949,4.274568356917653,3.3970218344522314,12.066495895385742,2.2837737734230865
15,3,0.3,15,21,51.88019899700604,29.918389369117985,20.204770277005622,115.09714230623783,8.993650061289468,3.200937405432054,0.9454646774326348,1.231346618276729,4.649119526758788,3.2091579815194042,11.97523585510254,2.255472727999419
13,3,0.3,15,21,54.35058351963986,34.62407435465598,15.806080238653841,127.03399413134524,9.277255169823055,3.2161707846148047,0.9751454396782246,1.3600249511819307,4.6435270905098305,3.0181622330278266,10.05031471633911,2.2410253449365802
13,5,0.3,15,21,48.19700759823482,25.387863027101183,14.82197507427976,105.93309732529188,8.499516210101902,3.008425236548886,0.8468144389874921,1.3601264437907745,4.456211106691978,2.9959278310034625,10.340815074920656,2.1616107975613943
12,4,0.3,15,21,58.23902565189034,40.68943448712444,22.126803072927604,162.56434916833143,9.743227236974807,3.2012970537586964,1.0536064814462889,1.6051937066835091,5.842139483568055,3.3813703597861693,13.975425113436193,2.1476905723124076
14,3,0.3,15,21,52.67992381081283,34.316762464000284,18.710196306750614,126.72570183406337,9.024781448364259,3.1243506151155485,0.9800148543189781,1.5564282574398451,4.909556617086641,3.124117883287618,10.588390911102294,2.1443357607965705
14,2,0.3,15,21,58.21914782213817,41.49792876087049,7.5919314238197755,168.49180954004487,9.724996190752302,3.2446865698460696,1.1180728822497945,0.9319265335258596,5.207428833650561,3.2782738100356776,12.510470089116371,2.126613687596275
14,5,0.3,15,21,44.899352306893356,19.785425744545616,15.284039355670576,86.83986215287732,8.070111271449498,2.9657105781616186,0.8436990693800889,1.1016281977989941,4.303343253847085,3.0218564541955617,10.676826435089112,2.12201150878153
13,4,0.2,10,21,56.15901207023128,34.012801893729,10.941907978278497,123.42750328671923,9.577827934810093,2.918846283863379,0.8046179530333274,1.0264483136343283,4.442041845146356,3.446264073372509,8.62371778869629,2.1142283308300516
11,4,0.3,15,21,55.40203280566799,38.036717395221295,17.353691332687603,152.09298570469056,9.368908766428632,3.119894152284426,1.1081808713593917,1.561431932274101,5.55027940430033,3.3678542983655224,14.148596739058364,2.011713280925034
12,5,0.3,15,21,46.355811528185185,29.28435110274969,11.744962057120723,111.98656406697656,8.132858099801203,2.853362088470864,0.8972213977502285,1.1292834456209269,4.537584170047138,3.050040013036135,9.85704393005371,1.9561406907206358
11,3,0.3,15,21,56.96682574603729,39.73434494532195,6.040058016426331,141.70565200313794,9.567994419461204,3.143139867884138,1.2099083639588184,0.5773056799983428,5.707709225587032,3.1570723695063276,9.57320175213872,1.9332315039253196
12,2,0.3,15,21,58.509424721937684,44.78295651250236,14.392725127966187,169.49106170456085,9.678818250383646,3.1109653726738458,1.1795261099716474,1.208138369737025,5.884026001241942,3.2619300008117644,11.266670523307209,1.9314392627021983
5,2,0.2,10,21,65.89096847850617,40.18160136021489,11.91216705749878,148.07927857458535,10.850059409368606,3.3911442744269373,1.4711156470564588,0.750626656836795,5.594957076074674,4.103557610411055,12.758722548036255,1.9200286273704785
15,5,0.3,15,21,42.838251448884776,20.480043034741982,15.332699096939638,88.36281464220332,7.733169853937059,2.8888424655865914,0.9699547439556692,0.8723609996611925,4.438421351342934,3.1885329610372586,12.155073810577392,1.9188877216309224
12,3,0.3,15,21,58.035641207596534,43.585825055534315,10.45679502850878,161.9881283360214,9.6289710622515,3.0727813897855834,1.1599206512829605,0.9349976123224019,5.6992124832345405,3.084285118697404,9.57320175213872,1.9128607385026228
14,2,0.2,10,21,58.30823719802292,42.326589167786956,13.915516542929929,179.62063290991983,9.732571574619836,2.8525723090562654,0.9646280654206657,1.1483378514374385,4.484054750786105,3.6569376977778214,12.192707478439917,1.8879442436355998
14,3,0.2,10,21,53.07762270230542,35.28775196700822,18.857455022892267,123.85701866679888,9.070523351941787,2.773475003546959,0.8867070541210879,1.4077006527740425,4.197624936169797,3.48426180608253,11.15674599456787,1.8867679494258711
11,2,0.3,15,21,56.157182423722396,40.130001448344906,9.83752203445758,146.33579402331392,9.425551771618071,3.104947504224328,1.2497420758761975,0.8568460756993443,5.948473065943534,3.29229852496449,10.853790311948403,1.8552054283481307
13,2,0.3,15,21,55.38388987621107,42.00016154333668,0.9539449827605795,172.4041749610209,9.269967206864129,3.077918822372039,1.2253413556559132,0.15082586070780757,5.013350679395256,3.2765750733239534,11.462551160613746,1.8525774667161257
11,5,0.3,15,21,45.92428326937241,30.69630074137618,8.915448918271762,107.48450767843853,8.026605158124651,2.8492855288794274,1.005885672746788,0.8293855332501197,4.501122324104029,2.8345689838154167,9.85704393005371,1.8433998561326395
7,2,0.3,15,21,47.91330508746061,27.480041459879338,-0.1749108543771749,107.97215219955767,8.394821836562382,2.997151335159535,1.154017543854565,0.12266866831587037,4.9182389324314,3.8674440381516746,14.106962489182418,1.84313379130497
6,2,0.3,15,21,49.664635901665754,28.769872003454434,8.07352194353812,112.71258135040507,8.644541815258208,3.011847165998304,1.2446154216079328,0.7559874120014805,4.992739539776833,4.24048777352986,11.824351400114107,1.7672317443903711
6,2,0.2,10,21,60.914832529898185,36.940778051546566,6.611708403988681,137.3946210536453,10.198568362099783,3.056013085886783,1.3035896141765673,0.5851784583419248,4.873982234015556,4.346922871298136,13.48021671755896,1.7524234717102158
5,3,0.2,10,21,56.90176729549536,30.177745801304525,6.900633124571476,128.3463473987823,9.739115800766717,3.024505674532619,1.273553693496733,0.5977458313957726,4.9935079470435735,4.337771354689067,11.05291208392687,1.750951981035886
5,2,0.3,15,21,53.8154511877559,33.41080940719386,8.967946093266166,119.48730998740369,9.184623114994594,3.23281247353945,1.494466671458209,0.6559728898344465,5.888638300597625,4.046321481383676,12.174805729872809,1.7383458020812408
13,5,0.2,10,21,50.70186636794655,31.4260342503024,11.767926220563085,126.5142610043557,8.793114245823451,2.741948127992498,1.0098795387753936,1.032350464592168,4.436490454793608,3.438854482750185,11.983443313598633,1.7320685892171046
13,3,0.2,10,21,53.965493338738234,39.247350546820414,11.414742633896878,143.0597197692605,9.110614818028042,2.7460420509789882,1.0155297739378393,1.050156070464167,4.361364743219495,3.613122923644162,11.404561477661133,1.730512277041149
15,5,0.2,10,21,49.896206668355504,28.82133019908753,11.48596814035654,114.70316808416476,8.71597313490368,2.754096836189678,1.165365360128361,0.9213864018149748,4.485998106088447,3.529745436573075,12.578303436279297,1.5887314760613171
12,3,0.2,10,21,66.08261834325512,55.82132278930289,9.626519048912229,205.4917846405621,10.502583730606807,2.860086585940109,1.2945720653810746,0.9330824977843808,5.804779593336912,3.920570394309096,11.14722666520844,1.5655145205590342
12,4,0.2,10,21,63.13657556505714,49.18270994052373,1.5505783204382784,174.97943001411141,10.224491251809255,2.7856770391998764,1.2423361520407974,0.18983392665585427,5.509959688172498,4.212897099413235,15.64239452421708,1.543340887159079
10,4,0.3,15,21,50.347102845434016,41.35485077881719,12.735391950420127,157.41376589309874,8.48185948326474,2.780299322779116,1.2405668465234034,1.1315642572754883,5.463017301781141,3.4794099530909146,14.114855108350291,1.5397324762557127
12,5,0.2,10,21,52.87196700426317,34.430318750143925,2.72762568014151,122.5628900078223,9.03106253069923,2.6836399034007394,1.1629083460139895,0.2912795615218832,4.3412176518619345,3.5760730006304327,11.983443313598633,1.52073155738675
5,4,0.2,10,21,49.99938308388635,33.01788111283352,-8.535729025920958,136.77545276675062,8.598011355808802,2.715532747666763,1.1953659953406635,-0.15342246531489548,4.962934697913483,4.5709021416837325,16.496594557783258,1.5201667523260993
14,5,0.2,10,21,48.00079340374252,29.563939781696746,6.778627659077974,110.96252846327718,8.395369824545725,2.6467880473302072,1.1331100437165262,0.6359909971388338,4.33755423279731,3.4118549444265605,11.653652511596679,1.513678003613681
15,4,0.1,5,21,51.0101151701305,24.20124328104679,14.624083371038665,105.11918284180398,8.973043689546133,2.3209615056589983,0.8126901858266127,0.8091302948547625,3.6903013499561044,4.972526550032433,8.554707575890898,1.5082713198323856
10,3,0.3,15,21,51.813104859437715,41.759266360866874,8.173693806065074,163.14481305255626,8.708650100163052,2.7803740622127804,1.2739474479529163,0.7739799909484723,5.992346078733071,3.283808204874992,8.764948939291624,1.5064266142598641
8,2,0.3,15,21,46.301280181011805,30.518325356133246,9.153280376994278,114.03657533769427,8.079408785502114,2.740755814916866,1.2372284581169273,0.6559632058553573,5.080519937268917,4.002396255680216,13.653266934873773,1.5035273567999388
7,3,0.3,15,21,45.726133235190936,31.66703027014875,6.795286066345985,111.25210729713669,7.958928563617524,2.8151452633027025,1.320094372304211,0.3885766766250976,4.981484854810024,4.020636139171715,11.50063370513916,1.4950508909984916
9,3,0.3,15,21,49.192440860775854,36.7604797423794,8.153962497297274,139.55476134581812,8.40839147658575,2.730159976387283,1.2501086276665911,0.7473124278510168,4.7425807797863255,3.974793079487622,11.600067947387695,1.4800513487206919
8,3,0.3,15,21,46.72135457582862,31.494711495266035,4.33758219900211,104.49820205248162,8.122894362495058,2.7123957724458085,1.2503917387810848,0.4507872048401317,4.3873845972866645,3.987210169240638,11.882923625946045,1.4620040336647238
5,2,0.1,5,21,68.99358703714698,45.36473474531063,3.8471216582104617,187.15936753675288,11.188491214752196,2.7258886630534,1.280687239720253,0.3148361671136394,4.87816611884102,5.092478788921085,11.276137949495467,1.4452014233331472
13,2,0.2,10,21,54.452227757205435,46.78669353645604,6.057941462700467,188.06201953060912,9.004558519817532,2.556791205870365,1.1358217507003339,0.6043597293224845,4.557161884635118,3.7917100387602507,11.466316041290675,1.420969455170031
7,5,0.3,15,21,45.01816090524748,29.269473248287706,2.8589385521007538,106.50655377439185,7.888933132716589,2.698028846047157,1.278987152070179,0.3240752795560553,4.627331287198232,3.634411756452185,10.770320865631104,1.419041693976978
10,5,0.3,15,21,48.165321491400555,33.56585981844838,3.0524039800374547,116.6810662799624,8.282872522989909,2.8442834451277816,1.4502852155002741,0.3072447632590553,5.155112611142504,3.5897150232419013,12.195919914245605,1.3939982296275075
11,3,0.2,10,21,59.58179796653905,51.7744889741128,6.717515602128588,176.86081221884598,9.631517701103572,2.668035250243656,1.287907050387191,0.5849211180401024,5.565562703887436,3.961048461358721,10.79987878751739,1.3801281998564652
11,4,0.2,10,21,58.20042909349908,52.86227835430243,7.355483158150977,222.4481936740423,9.44087862141927,2.6311943879387614,1.2585341194163966,0.6311075638692712,6.062210724742018,4.136106704574571,15.417032305687778,1.3726602685223648
14,4,0.1,5,21,57.20190801300659,36.647724286934015,10.290122900585486,137.71286610313047,9.68408950569516,2.291081867668457,0.9209003422709705,0.6755246477048598,4.418436120255948,5.249463416926933,8.652774364049346,1.3701815253974863
5,5,0.1,5,21,66.067106031426,43.04762095206047,11.739392550346995,151.67261398912726,10.804158029828752,2.472156991074712,1.1279088212195993,0.7237079959547519,4.220048606920582,5.390740557597097,13.520248863062612,1.3442481698551128
5,3,0.3,15,21,46.931590305598455,30.504702356881815,-6.894738444372672,121.40961580424383,8.16845035589309,2.789711402995374,1.4558483012623116,-0.6095367209641995,5.081044555169513,4.1438739714456405,10.639587701321851,1.3338631017330624
15,5,0.1,5,21,50.58466203613077,24.958521177898156,12.714844954873472,97.9150272635837,8.897260317121233,2.372830494225272,1.0840869600292322,0.7867014480046598,4.499563425708513,5.338025551680666,11.897827239990235,1.2887435341960396
5,4,0.1,5,21,54.17923024966566,32.11308609239749,-2.8155026908390557,113.55594117952438,9.291507236480713,2.37856952255681,1.0951214320277594,0.06466890263113659,4.835166191527559,5.88273948174601,16.23963468639154,1.2834480905290506
12,2,0.2,10,21,62.9490986592927,57.549094739533636,3.7459055297744737,223.5748232760957,9.972386311304001,2.7128745773226752,1.4329092595032649,0.3679527871918268,6.1051328402797,3.9792148453575518,11.988371360384539,1.2799653178194104
8,5,0.3,15,21,41.420947500311236,29.002994633427534,0.42057203020813283,105.77186713027334,7.304657716841924,2.492989670359566,1.2238683413331275,0.0944873534901395,4.072411478428288,3.881802864962114,11.691317035675048,1.2691213290264387
7,2,0.2,10,21,49.82359306379929,32.28057183952437,2.716005713925984,127.81092024721978,8.571059631166005,2.5739687837020293,1.321508388160271,0.23411002011348234,4.8747088896357464,4.447614813495436,14.136854886150466,1.2524603955417584
6,4,0.3,15,21,41.51318904414951,32.54182682078161,-22.980102066046783,115.9813434863385,7.2093813144138865,2.566638405890985,1.3142811698890595,-0.7802723877627809,4.750355018629074,4.445173377083863,16.870844185307693,1.2523572360019255
7,4,0.3,15,21,44.651520240704905,36.640391556153155,-20.038813959539837,145.01126193638623,7.639057446434386,2.6475240202235506,1.4097840561223307,-0.6347782440236424,5.4417205890222125,4.203171882769701,16.048565017850272,1.23773996410122
6,3,0.3,15,21,45.000698358502866,31.35975183628435,-6.632890359875853,126.21155503349554,7.831617728823706,2.6590838720749197,1.4282863520025282,-0.5628108207622337,5.315954817123979,4.13244249315606,10.506955642700195,1.2307975200723915
10,4,0.2,10,21,55.32658103521937,49.73380925256836,1.1399667324534235,204.5102131151515,9.041296341124037,2.569205617429547,1.341363690893861,0.1542450313220704,5.652969645551283,4.227833430574506,13.684408265133621,1.2278419265356857
8,3,0.2,10,21,50.757156595041614,40.15467244433128,5.444998483123364,141.65663522947148,8.544848470597039,2.5707019780796148,1.3505700444634454,0.4896881592493438,4.846405143852245,4.623141211031599,11.914002269744874,1.2201319336161693
7,3,0.2,10,21,50.008756642571925,37.75586705737898,-5.939817797232649,125.47475719359417,8.462831210545133,2.602101037378884,1.3834747541274857,-0.09060646881420266,4.725579852023061,4.6836974836355685,12.776406856536864,1.2186262832513985
15,3,0.1,5,21,51.4202161504455,29.79974153798445,5.705280210910524,116.22723485082709,8.88521100362142,2.267194252842081,1.0553527606865238,0.3331964664224505,4.7360640664570965,5.341188974368333,11.991241874694825,1.2118414921555571
9,2,0.3,15,21,47.621315224715154,36.789448972968714,-0.2691559958520884,131.34669002533116,8.113842918214342,2.742747395724222,1.5357579803530816,0.03199298532876541,5.0137527683608,3.9831812717544244,11.558332492828368,1.2069894153711402
5,5,0.3,15,21,48.29622295921504,36.92313060953149,-7.116636158185008,118.86331502592368,8.215829066321964,2.57354105326437,1.3722569092461396,-0.6447417590385521,4.3626956947188935,4.162367922437205,11.460949769139543,1.2012841440182302
9,5,0.3,15,21,43.893358069516665,32.121168130814716,1.6062463980925479,119.83182251770069,7.619787729899089,2.718826253583914,1.521481621502437,0.20430085042244353,5.29269415787479,3.6467182764778605,11.850809684753418,1.197344632081477
9,4,0.3,15,21,48.42782443342768,45.67175350706723,0.3329083838780278,176.5263867505126,8.048687384469169,2.725171536774274,1.543904461725299,0.08463439546673453,5.892945786875339,3.6036633337243735,13.108083466890749,1.1812670750489749
8,2,0.2,10,21,50.92740431067013,36.65856864354862,-1.5247672338590923,126.55094012660308,8.606641887483145,2.695706802991638,1.5151678107986017,-0.0524731353801967,4.9624230964493075,4.6284555248590005,15.438060285500018,1.1805389921930363
5,5,0.2,10,21,59.35778384862109,43.89180530019819,-12.343907350053907,147.09855963984756,9.740197121756418,2.6955006329819944,1.5439550105900548,-1.0621255104162006,4.531794596000771,4.637678014574173,11.86235027851149,1.1515456223919396
6,2,0.1,5,21,67.72285047602324,47.96589822334074,4.13396538009867,163.7811199089336,10.871572816031321,2.5530332513422214,1.4077049619763213,0.32459054928565806,4.294349603659312,5.748259223153689,16.045164821239077,1.1453282893659
10,2,0.3,15,21,46.67785161234399,36.61551506455665,0.16429488663716185,126.00668850868351,7.973398616972423,2.5879120983310018,1.4441834515613943,0.07124705420596826,4.820413509981068,3.886747309960211,12.480539470672609,1.1437286467696075
6,5,0.3,15,21,44.667658994514724,32.91355909848288,-8.399510044724456,112.59291172234116,7.739482496715725,2.6044917242810564,1.464267848565966,-0.7202007679364739,4.595504223817415,3.7369894460094732,8.810782386779785,1.1402238757150904
5,3,0.1,5,21,65.3367325248732,43.370746873186,10.116502745829802,150.9066357977648,10.705167714981807,2.6381525440933173,1.500051806321526,0.46995423290717697,5.610849900772138,5.616524174398024,13.219087722778319,1.1381007377717913
6,3,0.2,10,21,53.154683854977954,39.37851087741588,-7.635712086239366,146.50185097706375,8.91261478478568,2.6002177165186104,1.4674491771158298,-0.5517471599366928,4.953238842067625,4.703935877979225,11.155671676635743,1.1327685394027807
5,4,0.3,15,21,39.65506708849165,32.356004777377706,-9.987669748470662,124.58848110840192,6.922130670093354,2.4663727295066087,1.3457876868987795,-0.24101757239566832,5.102650791348535,4.370852063247894,15.096569431718773,1.1205850426078292
13,4,0.1,5,21,53.73000690587393,36.524982986569114,-6.05691712063966,114.78173491174921,9.098447263808477,2.159494045019099,1.0674754308144716,-0.30973990492139686,3.9183687770289803,5.413570792704609,8.75062372211728,1.0920186142046275
10,5,0.2,10,21,51.649546256925596,41.872214805785354,-1.0425892439292705,132.7654742125715,8.616357966105143,2.5327912855448167,1.4626262578350409,-0.026409712930654642,4.7260758802257845,4.443482034801697,14.627006469726561,1.0701650277097758
8,4,0.3,15,21,43.83615921812897,40.37160206964896,-17.32618534284486,164.01574708675608,7.42304156203497,2.520975643469072,1.4754092447524745,-0.5523494660815463,5.337293558647016,4.2136019851162025,16.49308336703741,1.0455663987165977
15,2,0.1,5,21,53.41693067657631,37.29366370563605,4.757414976268359,136.9294261235039,9.033338053748722,2.1545380770472953,1.1121229301564686,0.3780201530981524,4.210816994331659,5.327953058156339,8.527476984773417,1.0424151468908267
6,4,0.2,10,21,43.33960633466069,38.287792022031105,-18.739897448117272,151.25507510322655,7.386517249152774,2.3063551132549596,1.283665156169134,-0.49884990263223156,4.539859327256218,4.9502720434944125,18.151343001181232,1.0226899570858257
10,3,0.2,10,21,55.24527820198002,52.727849515971904,-1.2766668268446413,199.76514047911112,8.905331762586322,2.443773103417447,1.4614168951084179,-0.03041566810383846,5.832948168884167,4.184342871926013,10.14625310267153,0.9823562083090289
13,5,0.1,5,21,47.72671099654423,29.972524346541856,-0.35649116238835044,103.1005332766354,8.316486323038738,2.160676238586114,1.2419818063695909,0.06095565575396798,4.394465851357842,5.569475137377161,11.897827239990235,0.9186944322165231
11,2,0.2,10,21,56.151144037927494,54.643082826612094,-4.098386806824994,203.55961152916734,8.984853905995687,2.46732694914949,1.5589628945632101,-0.32082873721764543,5.955553610057012,4.092513595144491,11.570339561446374,0.9083640545862799
7,4,0.2,10,21,45.84702147085283,44.90902708393718,-29.066788960433556,184.4185490199715,7.604008808135986,2.3431507026078373,1.5043481804679761,-0.9806909277486319,5.201488725013615,4.735794298799131,19.055253785844116,0.8388025221398612
11,5,0.2,10,21,51.60256376814992,45.85929492854435,-8.487555000971625,146.67073298673552,8.487927183423725,2.4832774440676095,1.6472519843722733,-0.7675020046854643,4.733240692474175,3.7174075266791107,11.983443313598633,0.8360254596953363
6,3,0.1,5,21,68.4122804003099,54.08389386501984,-15.515603191055105,176.47707636053838,10.776342069535028,2.543330356475227,1.7478153027373915,-0.9958681963563426,5.806396812916842,6.352322052214093,13.292878310633318,0.7955150537378357
12,4,0.1,5,21,55.7435840752021,54.477173040681606,1.6495195341981184,244.73953035973497,8.998297686622257,1.9023762734673404,1.1265925831189125,0.1815440104718073,4.773205634909346,6.402166752193038,12.999058128496738,0.7757836903484279
8,4,0.2,10,21,48.48646045472489,49.72551044458209,-20.18586145165545,177.6912026603223,7.869715430123465,2.3755324604601444,1.619577500136476,-0.5989618628046158,4.948087820340337,4.813288449372458,18.08489920993848,0.7559549603236684
12,5,0.1,5,21,53.22520409349271,37.76576056913228,-12.495430096734905,117.59937177232769,8.94491517711821,2.19157485847678,1.438581659179334,-0.7717924622380022,4.277420519672445,5.57216429855617,11.897827239990235,0.7529931992974461
10,2,0.2,10,21,48.24054341744151,45.58631085970304,-4.179595073427256,140.15358798333642,7.934825550260998,2.319904496458381,1.6130359752584202,-0.24317086795368079,4.752696746327253,4.9224250775961345,16.177033241271975,0.7068685211999606
9,3,0.2,10,21,45.895982381496765,44.3610117259388,-3.4981522135137944,163.26695956564822,7.629579817635671,2.2110124518170333,1.514962163042396,-0.24483063767998833,4.550418072280114,4.775996472728381,11.975436097611857,0.6960502887746374
7,3,0.1,5,21,50.18900556277927,40.715055767765335,-11.073062921099286,148.03125807027024,8.362729956127348,2.1108596626807876,1.4265047527800299,-0.6631807091445657,4.013710629882563,6.542652975842363,15.654172554016114,0.6843549099007578
7,2,0.1,5,21,51.08726932606845,43.08671715890819,-16.497925808612102,155.5948354294933,8.401702976408458,2.1438152670810564,1.4964198651637484,-0.6528816294463414,4.446228566035948,6.601221188432182,17.412154197115047,0.647395401917308
14,5,0.1,5,21,45.31856884669469,34.89903949562694,-15.543430277761672,121.52506900600014,7.801590060642788,1.9601996411493066,1.328115408738439,-0.8875709488361615,3.8085158441677716,5.70556321780092,11.897827239990235,0.6320842324108675
9,5,0.2,10,21,38.97071954834949,34.71104360058179,-5.232696813387561,113.5337184365973,6.719019315083821,1.9599371211508914,1.355405120978947,-0.43797397823006334,4.231093058017147,4.667281860368703,10.273369758605957,0.6045320001719443
7,5,0.2,10,21,41.33015104871534,36.3793038367689,-7.7875141373671575,120.45298189139176,7.0545426822844,2.0955719528212264,1.506405480996401,-0.5811241087367104,4.231735786236682,4.193678658966446,9.663653465270997,0.5891664718248255
12,3,0.1,5,21,56.070137373495406,59.542194274519844,-4.5917305713621515,219.8232918257473,8.858647923060825,1.8506283803815708,1.28313813701703,-0.20797046837445682,4.892521101605874,6.383996533157621,12.40616739846675,0.5674902433645408
6,4,0.1,5,21,44.628363907014126,40.86806436316556,-30.491561899180265,148.11641698536758,7.457084863026936,1.8956080123511536,1.3714246686220386,-0.8567240597510702,4.8378573707650725,6.5189632317247845,21.010647800172936,0.524183343729115
13,3,0.1,5,21,40.6940420283196,37.99879747113644,-5.789020795327293,129.72895289243397,6.951241125742594,1.6015423658194659,1.090467238274192,-0.386551694016434,3.5229970416007697,6.223022210643238,11.768403175354004,0.5110751275452738
14,3,0.1,5,21,44.54722383082047,40.937112557194986,-12.185405383619763,130.77551562362203,7.485042022341775,1.7373597781402128,1.2404566384293187,-0.698052559332137,3.649520487021621,5.886806100524978,11.768403175354004,0.49690313971089406
9,4,0.2,10,21,45.27715097133647,47.68532787719409,-10.666680237228865,179.65928523771802,7.414400586446127,2.1955621366246056,1.736642172303811,-0.8795991011547916,5.378574572518235,4.372949008949684,14.202865406328522,0.4589199643207946
10,4,0.1,5,21,61.55820999027233,60.91489698055996,-20.78531789337469,216.95592129825943,9.50424336823963,2.0655258703626767,1.6497213257585825,-1.290727965331454,4.771176407913137,6.17989975607185,15.66244402727737,0.4158045446040941
12,2,0.1,5,21,49.7175373018359,59.26612008054817,-5.117672878487401,250.9650123789978,7.855288164047967,1.6411466726314694,1.2849707935277621,-0.218130207380541,5.033487336865531,6.5114508885702405,14.014619186420752,0.3561758791037073
11,5,0.1,5,21,43.30881426232624,42.62946060394278,-11.290191065875954,133.33410218647796,7.212096115475609,1.6656474812644677,1.3115148117252036,-0.6609543504516959,3.8506540419603796,5.712171417721157,14.141771942138673,0.35413266953926414
9,2,0.2,10,21,43.13939939706856,42.474195114716295,-15.241857186830554,118.28496919222773,7.13467586353847,2.2104965591113332,1.8802769635653802,-1.2803535444785223,4.798529839884111,4.999071591219845,14.533355720520019,0.33021959554595304
8,5,0.2,10,21,36.018796247669194,32.27663030680859,-12.97199935653266,95.89010717270219,6.246610927945093,1.8756225857965316,1.5638807507669437,-1.2742593139101392,4.234562531239943,4.687142323309432,11.431878059387207,0.31174183502958797
10,2,0.1,5,21,60.95911116974009,67.49037873989448,-23.211358131922843,188.24635708619738,9.0916640100025,2.1410961691135486,1.833135659656925,-0.5030613897770807,5.164368701670942,7.083507666191725,23.62375799560547,0.30796050945662357
10,3,0.1,5,21,60.63037238303456,63.481483938805326,-14.928673248775059,233.70188960290204,9.267836102440242,2.0420757313836497,1.7904461209491276,-0.9868422204491116,5.691934049160044,6.082479185443859,13.872886708989904,0.25162961043452214
6,5,0.2,10,21,43.962516882952514,47.975690488421066,-21.01788436169626,141.5943153278564,7.111924126942953,1.8736102198700701,1.715614961303098,-1.8906902434936308,4.133693669408623,4.3751731477325695,9.669304840087891,0.15799525856697216
14,2,0.1,5,21,46.59219359015676,58.72809335832451,-11.766343575111303,202.31111476593767,7.31772635323661,1.5436434161110306,1.399427155760789,-0.6858796506992227,4.483332627571582,5.804029409126015,13.041122459444173,0.1442162603502417
10,5,0.1,5,21,43.566840610790415,47.78621263441105,-16.486495946448265,139.0637637877777,6.996364802405948,1.585084736932794,1.4785093215924252,-0.9220148566097002,4.1348357229798784,6.474632885603047,16.83760189819336,0.10657541534036885
8,3,0.1,5,21,45.89192598220576,55.43044411837082,-12.233548453566002,171.05707808304967,7.1736755707150435,1.6858004180138713,1.5868598164196288,-0.7604080914079381,4.18473437189326,6.989346264585849,15.824020298004152,0.09894060159424245
11,4,0.1,5,21,51.378579919534914,57.96759100679425,-17.90036492110769,201.40425155033736,7.989098245711555,1.6212424274126482,1.556669101349798,-1.0587249449305538,4.416454879533446,6.3749049610010315,14.552839627253986,0.06457332606285027
9,4,0.1,5,21,53.39545061173095,66.95712520289861,-26.051158296564005,261.6836359580287,8.04980575525193,1.77118313279017,1.7745679174068176,-1.7041141651631775,5.375922449525465,6.124993770383175,15.160018886581433,-0.003384784616647707
13,2,0.1,5,21,41.38997702466935,54.25253639423625,-20.370289679606834,184.00237743903895,6.535085387638635,1.3856915896248203,1.461777717429666,-1.3181401279627454,4.259620746313492,6.354918581273161,13.096155410293717,-0.0760861278048457
9,5,0.1,5,21,34.16079905753603,42.476731182565445,-21.369401186259207,124.63725397658281,5.525077499389648,1.2847562845660934,1.548238498584849,-1.4287475754868801,3.837985919827627,7.130529178489404,15.867316345214844,-0.2634822140187556
11,2,0.1,5,21,47.1716386518853,67.82904059450556,-21.631044529184294,260.20973863295114,6.976892712547666,1.450068260554309,1.7263261600458002,-1.3371730940284763,5.438708886260246,6.351334415843075,14.791509889300384,-0.27625789949149127
9,2,0.1,5,21,53.23108638977105,69.97618084936285,-21.24487583089306,201.92017859740307,7.704316652570451,1.7988780154034931,2.0905816923667957,-0.9019239786933743,5.500761256665759,7.195737619659626,19.75946181488037,-0.29170367696330257
11,3,0.1,5,21,48.51666679473461,67.49000058441847,-15.524609407061952,240.29730624364186,7.191585659208751,1.4626850703981076,1.7744023424285136,-0.8840219842876562,5.499422232178167,6.384244548497034,15.246891416488717,-0.311717272030406
7,4,0.1,5,21,30.23877119220578,47.88111530797412,-46.163555645696285,173.57357711802717,4.677086625962031,1.1369412772692542,1.4715196876298346,-1.484977848022267,4.138192119174236,7.479873660707798,23.852294510036224,-0.33457841036058045
8,4,0.1,5,21,38.24487304512301,60.22604185812206,-36.754890517882274,182.71852985980917,5.630434040432884,1.3002430610929043,1.6491780270207663,-1.0141328875212288,4.395283153846999,7.521961537695977,23.963016364598445,-0.348934965927862
8,2,0.1,5,21,52.15065880647243,68.64180430075771,-20.380511019371006,259.16156307854004,7.593084180014474,1.8037224256381557,2.1561862471502993,-1.4707247037080924,5.627422962649396,7.508231415495892,20.463398959017375,-0.3524638215121436
9,3,0.1,5,21,44.415855563009075,63.09245591846255,-27.649279575170315,192.07272636074694,6.492497944241476,1.3904350180899212,1.9712455712538492,-2.0676207684831933,4.561810621550286,7.1864140710655,18.48069845199585,-0.580810553163928
8,5,0.1,5,21,26.92475521473447,41.24379346297599,-35.1680833982337,104.75343530714963,4.220824568975539,0.9312980800114503,1.6937365991485096,-2.4939723655239936,3.140855294739352,6.679623219495089,14.391604949951173,-0.7624385191370593
6,5,0.1,5,21,26.61854294323417,49.61536335736339,-34.11437544280758,143.23112462427918,3.945504308064779,0.6657288811461944,1.5833342858847104,-2.5275465766788656,3.3984286933555796,6.201918516666372,9.632540138244629,-0.9176054047385159
7,5,0.1,5,21,21.240614668058058,42.723201860072734,-38.84735528298696,99.5851952198418,3.0069944425310413,0.5555091833172838,1.9883444143735127,-3.4950927756824193,3.2217451746179817,7.309806637372946,12.291403180282861,-1.432835231056229
